{
  "version": "7",
  "dialect": "postgresql",
  "entries": [
    {
      "idx": 0,
      "version": "7",
      "when": 1737961356150,
      "tag": "0000_lying_legion",
      "breakpoints": true
    },
    {
      "idx": 1,
      "version": "7",
      "when": 1738055244724,
      "tag": "0001_funny_ravenous",
      "breakpoints": true
    },
    {
      "idx": 2,
      "version": "7",
      "when": 1738382026580,
      "tag": "0002_public_bloodstorm",
      "breakpoints": true
    },
    {
      "idx": 3,
      "version": "7",
      "when": 1738424516310,
      "tag": "0003_worried_tana_nile",
      "breakpoints": true
    },
    {
      "idx": 4,
      "version": "7",
      "when": 1738726771614,
      "tag": "0004_stale_stryfe",
      "breakpoints": true
    },
    {
      "idx": 5,
      "version": "7",
      "when": 1738857802103,
      "tag": "0005_lame_agent_brand",
      "breakpoints": true
    },
    {
      "idx": 6,
      "version": "7",
      "when": 1738859960243,
      "tag": "0006_add_update_search_text_trigger",
      "breakpoints": true
    },
    {
      "idx": 7,
      "version": "7",
      "when": 1738860257816,
      "tag": "0007_good_mister_sinister",
      "breakpoints": true
    },
    {
      "idx": 8,
      "version": "7",
      "when": 1738890531675,
      "tag": "0008_groovy_blindfold",
      "breakpoints": true
    },
    {
      "idx": 9,
      "version": "7",
      "when": 1738891190921,
      "tag": "0009_add_insert_update_search_text_trigger",
      "breakpoints": true
    },
    {
      "idx": 10,
      "version": "7",
      "when": 1739289609184,
      "tag": "0010_short_joshua_kane",
      "breakpoints": true
    },
    {
      "idx": 11,
      "version": "7",
      "when": 1740118382931,
      "tag": "0011_nice_luminals",
      "breakpoints": true
    },
    {
      "idx": 12,
      "version": "7",
      "when": 1740163319206,
      "tag": "0012_lazy_loners",
      "breakpoints": true
    },
    {
      "idx": 13,
      "version": "7",
      "when": 1740628729437,
      "tag": "0013_ancient_plazm",
      "breakpoints": true
    },
    {
      "idx": 14,
      "version": "7",
      "when": 1740640168026,
      "tag": "0014_handy_lethal_legion",
      "breakpoints": true
    },
    {
      "idx": 15,
      "version": "7",
      "when": 1740677165603,
      "tag": "0015_amazing_moon_knight",
      "breakpoints": true
    },
    {
      "idx": 16,
      "version": "7",
      "when": 1740727401857,
      "tag": "0016_remarkable_captain_marvel",
      "breakpoints": true
    }
  ]
}